resolution,quant,accuracy,inference_single_ms,n_test,model_size_kb
256x256,float32,0.8859259259259259,8.665245742222218,1350,
256x256,int8,0.8837037037037037,11.21851564296296,1350,120.7734375
256x256,int16,0.8866666666666667,68.85056105037039,1350,141.8671875
128x128,float32,0.702962962962963,2.89073871037035,1350,
128x128,int8,0.7103703703703703,6.773217793333338,1350,120.7734375
128x128,int16,0.7014814814814815,23.730647940000026,1350,141.8671875
96x96,float32,0.7622222222222222,3.987796897777748,1350,
96x96,int8,0.7688888888888888,6.818255860000002,1350,120.65625
96x96,int16,0.7666666666666667,16.075285442222206,1350,141.75
